id,mean_fare,std_fare,batas_min_fare,batas_max_fare
1,13.6755501,11.7781417,-21.65887501,49.00997521
2,84.1546875,78.38037265,-150.9864304,319.2958054
3,20.66218315,13.41739876,-19.59001312,60.91437942